file_name,document_type,source_url,source,date,bytes
01_supreme_court_india_20260602_m_j_1.pdf,Supreme Court of India cause list / court PDF,https://api.sci.gov.in/jonew/cl/2026-06-02/M_J_1.pdf,Supreme Court of India official API,2026-06-02,569970
02_supreme_court_india_20260602_m_j_2.pdf,Supreme Court of India cause list / court PDF,https://api.sci.gov.in/jonew/cl/2026-06-02/M_J_2.pdf,Supreme Court of India official API,2026-06-02,551169
03_supreme_court_india_20260601_m_j_1.pdf,Supreme Court of India cause list / court PDF,https://api.sci.gov.in/jonew/cl/2026-06-01/M_J_1.pdf,Supreme Court of India official API,2026-06-01,572703
04_supreme_court_india_20260601_m_j_2.pdf,Supreme Court of India cause list / court PDF,https://api.sci.gov.in/jonew/cl/2026-06-01/M_J_2.pdf,Supreme Court of India official API,2026-06-01,537533
05_supreme_court_india_20260529_m_j_1.pdf,Supreme Court of India cause list / court PDF,https://api.sci.gov.in/jonew/cl/2026-05-29/M_J_1.pdf,Supreme Court of India official API,2026-05-29,844349
06_supreme_court_india_20260529_m_j_2.pdf,Supreme Court of India cause list / court PDF,https://api.sci.gov.in/jonew/cl/2026-05-29/M_J_2.pdf,Supreme Court of India official API,2026-05-29,724200
07_supreme_court_india_20260529_m_c_1.pdf,Supreme Court of India cause list / court PDF,https://api.sci.gov.in/jonew/cl/2026-05-29/M_C_1.pdf,Supreme Court of India official API,2026-05-29,534001
08_supreme_court_india_20260529_m_c_2.pdf,Supreme Court of India cause list / court PDF,https://api.sci.gov.in/jonew/cl/2026-05-29/M_C_2.pdf,Supreme Court of India official API,2026-05-29,509750
09_supreme_court_india_20260527_m_j_1.pdf,Supreme Court of India cause list / court PDF,https://api.sci.gov.in/jonew/cl/2026-05-27/M_J_1.pdf,Supreme Court of India official API,2026-05-27,1004819
10_supreme_court_india_20260527_m_j_2.pdf,Supreme Court of India cause list / court PDF,https://api.sci.gov.in/jonew/cl/2026-05-27/M_J_2.pdf,Supreme Court of India official API,2026-05-27,704790
11_supreme_court_india_20260526_m_j_1.pdf,Supreme Court of India cause list / court PDF,https://api.sci.gov.in/jonew/cl/2026-05-26/M_J_1.pdf,Supreme Court of India official API,2026-05-26,971448
12_supreme_court_india_20260526_m_j_2.pdf,Supreme Court of India cause list / court PDF,https://api.sci.gov.in/jonew/cl/2026-05-26/M_J_2.pdf,Supreme Court of India official API,2026-05-26,844674
13_supreme_court_india_20260526_m_c_1.pdf,Supreme Court of India cause list / court PDF,https://api.sci.gov.in/jonew/cl/2026-05-26/M_C_1.pdf,Supreme Court of India official API,2026-05-26,505130
14_supreme_court_india_20260525_m_j_1.pdf,Supreme Court of India cause list / court PDF,https://api.sci.gov.in/jonew/cl/2026-05-25/M_J_1.pdf,Supreme Court of India official API,2026-05-25,919853
15_supreme_court_india_20260525_m_j_2.pdf,Supreme Court of India cause list / court PDF,https://api.sci.gov.in/jonew/cl/2026-05-25/M_J_2.pdf,Supreme Court of India official API,2026-05-25,716662
16_supreme_court_india_20260525_m_c_1.pdf,Supreme Court of India cause list / court PDF,https://api.sci.gov.in/jonew/cl/2026-05-25/M_C_1.pdf,Supreme Court of India official API,2026-05-25,550515
17_supreme_court_india_20260525_m_c_2.pdf,Supreme Court of India cause list / court PDF,https://api.sci.gov.in/jonew/cl/2026-05-25/M_C_2.pdf,Supreme Court of India official API,2026-05-25,507146
18_supreme_court_india_20260522_m_j_1.pdf,Supreme Court of India cause list / court PDF,https://api.sci.gov.in/jonew/cl/2026-05-22/M_J_1.pdf,Supreme Court of India official API,2026-05-22,936870
19_supreme_court_india_20260522_m_j_2.pdf,Supreme Court of India cause list / court PDF,https://api.sci.gov.in/jonew/cl/2026-05-22/M_J_2.pdf,Supreme Court of India official API,2026-05-22,609700
20_supreme_court_india_20260522_m_c_1.pdf,Supreme Court of India cause list / court PDF,https://api.sci.gov.in/jonew/cl/2026-05-22/M_C_1.pdf,Supreme Court of India official API,2026-05-22,617232
21_supreme_court_india_20260522_m_c_2.pdf,Supreme Court of India cause list / court PDF,https://api.sci.gov.in/jonew/cl/2026-05-22/M_C_2.pdf,Supreme Court of India official API,2026-05-22,533159
22_supreme_court_india_20260521_m_j_1.pdf,Supreme Court of India cause list / court PDF,https://api.sci.gov.in/jonew/cl/2026-05-21/M_J_1.pdf,Supreme Court of India official API,2026-05-21,769933
23_supreme_court_india_20260521_m_j_2.pdf,Supreme Court of India cause list / court PDF,https://api.sci.gov.in/jonew/cl/2026-05-21/M_J_2.pdf,Supreme Court of India official API,2026-05-21,655535
24_supreme_court_india_20260521_m_cc_1.pdf,Supreme Court of India cause list / court PDF,https://api.sci.gov.in/jonew/cl/2026-05-21/M_CC_1.pdf,Supreme Court of India official API,2026-05-21,520837
25_supreme_court_india_20260520_m_j_1.pdf,Supreme Court of India cause list / court PDF,https://api.sci.gov.in/jonew/cl/2026-05-20/M_J_1.pdf,Supreme Court of India official API,2026-05-20,866257
26_supreme_court_india_20260520_m_j_2.pdf,Supreme Court of India cause list / court PDF,https://api.sci.gov.in/jonew/cl/2026-05-20/M_J_2.pdf,Supreme Court of India official API,2026-05-20,641978
27_supreme_court_india_20260520_m_cc_1.pdf,Supreme Court of India cause list / court PDF,https://api.sci.gov.in/jonew/cl/2026-05-20/M_CC_1.pdf,Supreme Court of India official API,2026-05-20,538330
28_supreme_court_india_20260520_m_c_1.pdf,Supreme Court of India cause list / court PDF,https://api.sci.gov.in/jonew/cl/2026-05-20/M_C_1.pdf,Supreme Court of India official API,2026-05-20,524955
29_supreme_court_india_20260519_m_j_1.pdf,Supreme Court of India cause list / court PDF,https://api.sci.gov.in/jonew/cl/2026-05-19/M_J_1.pdf,Supreme Court of India official API,2026-05-19,1282591
30_supreme_court_india_20260519_m_j_2.pdf,Supreme Court of India cause list / court PDF,https://api.sci.gov.in/jonew/cl/2026-05-19/M_J_2.pdf,Supreme Court of India official API,2026-05-19,661945
31_supreme_court_india_20260519_m_cc_1.pdf,Supreme Court of India cause list / court PDF,https://api.sci.gov.in/jonew/cl/2026-05-19/M_CC_1.pdf,Supreme Court of India official API,2026-05-19,569447
32_supreme_court_india_20260519_m_cc_2.pdf,Supreme Court of India cause list / court PDF,https://api.sci.gov.in/jonew/cl/2026-05-19/M_CC_2.pdf,Supreme Court of India official API,2026-05-19,505448
33_supreme_court_india_20260515_m_j_1.pdf,Supreme Court of India cause list / court PDF,https://api.sci.gov.in/jonew/cl/2026-05-15/M_J_1.pdf,Supreme Court of India official API,2026-05-15,1308897
34_supreme_court_india_20260515_m_j_2.pdf,Supreme Court of India cause list / court PDF,https://api.sci.gov.in/jonew/cl/2026-05-15/M_J_2.pdf,Supreme Court of India official API,2026-05-15,634652
35_supreme_court_india_20260515_m_c_1.pdf,Supreme Court of India cause list / court PDF,https://api.sci.gov.in/jonew/cl/2026-05-15/M_C_1.pdf,Supreme Court of India official API,2026-05-15,540787
36_supreme_court_india_20260515_m_c_2.pdf,Supreme Court of India cause list / court PDF,https://api.sci.gov.in/jonew/cl/2026-05-15/M_C_2.pdf,Supreme Court of India official API,2026-05-15,510644
37_supreme_court_india_20260514_m_j_1.pdf,Supreme Court of India cause list / court PDF,https://api.sci.gov.in/jonew/cl/2026-05-14/M_J_1.pdf,Supreme Court of India official API,2026-05-14,864846
38_supreme_court_india_20260514_m_j_2.pdf,Supreme Court of India cause list / court PDF,https://api.sci.gov.in/jonew/cl/2026-05-14/M_J_2.pdf,Supreme Court of India official API,2026-05-14,560028
39_supreme_court_india_20260514_m_cc_1.pdf,Supreme Court of India cause list / court PDF,https://api.sci.gov.in/jonew/cl/2026-05-14/M_CC_1.pdf,Supreme Court of India official API,2026-05-14,520379
40_supreme_court_india_20260513_m_j_1.pdf,Supreme Court of India cause list / court PDF,https://api.sci.gov.in/jonew/cl/2026-05-13/M_J_1.pdf,Supreme Court of India official API,2026-05-13,877035
41_supreme_court_india_20260513_m_j_2.pdf,Supreme Court of India cause list / court PDF,https://api.sci.gov.in/jonew/cl/2026-05-13/M_J_2.pdf,Supreme Court of India official API,2026-05-13,576556
42_supreme_court_india_20260513_m_cc_1.pdf,Supreme Court of India cause list / court PDF,https://api.sci.gov.in/jonew/cl/2026-05-13/M_CC_1.pdf,Supreme Court of India official API,2026-05-13,542285
43_supreme_court_india_20260512_m_j_1.pdf,Supreme Court of India cause list / court PDF,https://api.sci.gov.in/jonew/cl/2026-05-12/M_J_1.pdf,Supreme Court of India official API,2026-05-12,1216683
44_supreme_court_india_20260512_m_j_2.pdf,Supreme Court of India cause list / court PDF,https://api.sci.gov.in/jonew/cl/2026-05-12/M_J_2.pdf,Supreme Court of India official API,2026-05-12,599204
45_supreme_court_india_20260512_m_cc_1.pdf,Supreme Court of India cause list / court PDF,https://api.sci.gov.in/jonew/cl/2026-05-12/M_CC_1.pdf,Supreme Court of India official API,2026-05-12,559836
46_supreme_court_india_20260511_m_j_1.pdf,Supreme Court of India cause list / court PDF,https://api.sci.gov.in/jonew/cl/2026-05-11/M_J_1.pdf,Supreme Court of India official API,2026-05-11,899030
47_supreme_court_india_20260511_m_j_2.pdf,Supreme Court of India cause list / court PDF,https://api.sci.gov.in/jonew/cl/2026-05-11/M_J_2.pdf,Supreme Court of India official API,2026-05-11,616592
48_supreme_court_india_20260511_m_c_1.pdf,Supreme Court of India cause list / court PDF,https://api.sci.gov.in/jonew/cl/2026-05-11/M_C_1.pdf,Supreme Court of India official API,2026-05-11,548959
49_supreme_court_india_20260511_m_c_2.pdf,Supreme Court of India cause list / court PDF,https://api.sci.gov.in/jonew/cl/2026-05-11/M_C_2.pdf,Supreme Court of India official API,2026-05-11,537300
50_supreme_court_india_20260508_m_j_1.pdf,Supreme Court of India cause list / court PDF,https://api.sci.gov.in/jonew/cl/2026-05-08/M_J_1.pdf,Supreme Court of India official API,2026-05-08,895001
