file_name,form_code,source_url,source,bytes
01_california_courts_fl100.pdf,FL100,https://www.courts.ca.gov/documents/fl100.pdf,California Courts official forms,192902
02_california_courts_fl105.pdf,FL105,https://www.courts.ca.gov/documents/fl105.pdf,California Courts official forms,145087
03_california_courts_fl110.pdf,FL110,https://www.courts.ca.gov/documents/fl110.pdf,California Courts official forms,56744
04_california_courts_fl115.pdf,FL115,https://www.courts.ca.gov/documents/fl115.pdf,California Courts official forms,1798196
05_california_courts_fl117.pdf,FL117,https://www.courts.ca.gov/documents/fl117.pdf,California Courts official forms,116365
06_california_courts_fl120.pdf,FL120,https://www.courts.ca.gov/documents/fl120.pdf,California Courts official forms,197360
07_california_courts_fl130.pdf,FL130,https://www.courts.ca.gov/documents/fl130.pdf,California Courts official forms,76655
08_california_courts_fl140.pdf,FL140,https://www.courts.ca.gov/documents/fl140.pdf,California Courts official forms,76052
09_california_courts_fl141.pdf,FL141,https://www.courts.ca.gov/documents/fl141.pdf,California Courts official forms,101920
10_california_courts_fl142.pdf,FL142,https://www.courts.ca.gov/documents/fl142.pdf,California Courts official forms,90910
11_california_courts_fl144.pdf,FL144,https://www.courts.ca.gov/documents/fl144.pdf,California Courts official forms,42877
12_california_courts_fl150.pdf,FL150,https://www.courts.ca.gov/documents/fl150.pdf,California Courts official forms,184445
13_california_courts_fl155.pdf,FL155,https://www.courts.ca.gov/documents/fl155.pdf,California Courts official forms,146560
14_california_courts_fl157.pdf,FL157,https://www.courts.ca.gov/documents/fl157.pdf,California Courts official forms,2514190
15_california_courts_fl158.pdf,FL158,https://www.courts.ca.gov/documents/fl158.pdf,California Courts official forms,70179
16_california_courts_fl160.pdf,FL160,https://www.courts.ca.gov/documents/fl160.pdf,California Courts official forms,161632
17_california_courts_fl165.pdf,FL165,https://www.courts.ca.gov/documents/fl165.pdf,California Courts official forms,119588
18_california_courts_fl170.pdf,FL170,https://www.courts.ca.gov/documents/fl170.pdf,California Courts official forms,142501
19_california_courts_fl172.pdf,FL172,https://www.courts.ca.gov/documents/fl172.pdf,California Courts official forms,333503
20_california_courts_fl180.pdf,FL180,https://www.courts.ca.gov/documents/fl180.pdf,California Courts official forms,143235
21_california_courts_fl190.pdf,FL190,https://www.courts.ca.gov/documents/fl190.pdf,California Courts official forms,54491
22_california_courts_fl191.pdf,FL191,https://www.courts.ca.gov/documents/fl191.pdf,California Courts official forms,137357
23_california_courts_fl192.pdf,FL192,https://www.courts.ca.gov/documents/fl192.pdf,California Courts official forms,1727679
24_california_courts_fl195.pdf,FL195,https://www.courts.ca.gov/documents/fl195.pdf,California Courts official forms,122989
25_california_courts_fl200.pdf,FL200,https://www.courts.ca.gov/documents/fl200.pdf,California Courts official forms,147770
26_california_courts_fl210.pdf,FL210,https://www.courts.ca.gov/documents/fl210.pdf,California Courts official forms,50224
27_california_courts_fl220.pdf,FL220,https://www.courts.ca.gov/documents/fl220.pdf,California Courts official forms,144142
28_california_courts_fl260.pdf,FL260,https://www.courts.ca.gov/documents/fl260.pdf,California Courts official forms,136515
29_california_courts_fl270.pdf,FL270,https://www.courts.ca.gov/documents/fl270.pdf,California Courts official forms,139237
30_california_courts_fl300.pdf,FL300,https://www.courts.ca.gov/documents/fl300.pdf,California Courts official forms,320347
31_california_courts_fl303.pdf,FL303,https://www.courts.ca.gov/documents/fl303.pdf,California Courts official forms,161937
32_california_courts_fl305.pdf,FL305,https://www.courts.ca.gov/documents/fl305.pdf,California Courts official forms,155525
33_california_courts_fl309.pdf,FL309,https://www.courts.ca.gov/documents/fl309.pdf,California Courts official forms,161613
34_california_courts_fl310.pdf,FL310,https://www.courts.ca.gov/documents/fl310.pdf,California Courts official forms,105385
35_california_courts_fl311.pdf,FL311,https://www.courts.ca.gov/documents/fl311.pdf,California Courts official forms,331096
36_california_courts_fl312.pdf,FL312,https://www.courts.ca.gov/documents/fl312.pdf,California Courts official forms,171638
37_california_courts_fl320.pdf,FL320,https://www.courts.ca.gov/documents/fl320.pdf,California Courts official forms,106370
38_california_courts_fl321.pdf,FL321,https://www.courts.ca.gov/documents/fl321.pdf,California Courts official forms,40561
39_california_courts_fl330.pdf,FL330,https://www.courts.ca.gov/documents/fl330.pdf,California Courts official forms,64457
40_california_courts_fl335.pdf,FL335,https://www.courts.ca.gov/documents/fl335.pdf,California Courts official forms,61805
41_california_courts_fl340.pdf,FL340,https://www.courts.ca.gov/documents/fl340.pdf,California Courts official forms,102238
42_california_courts_fl341.pdf,FL341,https://www.courts.ca.gov/documents/fl341.pdf,California Courts official forms,333430
43_california_courts_fl341a.pdf,FL341A,https://www.courts.ca.gov/documents/fl341a.pdf,California Courts official forms,177184
44_california_courts_fl341b.pdf,FL341B,https://www.courts.ca.gov/documents/fl341b.pdf,California Courts official forms,109029
45_california_courts_fl341c.pdf,FL341C,https://www.courts.ca.gov/documents/fl341c.pdf,California Courts official forms,133247
46_california_courts_fl341d.pdf,FL341D,https://www.courts.ca.gov/documents/fl341d.pdf,California Courts official forms,132880
47_california_courts_fl341e.pdf,FL341E,https://www.courts.ca.gov/documents/fl341e.pdf,California Courts official forms,101349
48_california_courts_fl342.pdf,FL342,https://www.courts.ca.gov/documents/fl342.pdf,California Courts official forms,1869619
49_california_courts_fl343.pdf,FL343,https://www.courts.ca.gov/documents/fl343.pdf,California Courts official forms,139793
50_california_courts_fl344.pdf,FL344,https://www.courts.ca.gov/documents/fl344.pdf,California Courts official forms,122607
